UNS,count,percentage
very_low,24,9.30232558139535
Low,83,32.17054263565892
Middle,88,34.10852713178294
High,63,24.418604651162788
