UNS,count,percentage
very_low,26,17.93103448275862
Low,46,31.724137931034484
Middle,34,23.448275862068964
High,39,26.89655172413793
