UNS,count,mean_STG,mean_PEG,max_STG,max_PEG,min_STG,min_PEG
very_low,24,0.3057916666666667,0.09083333333333334,0.68,0.24,0,0
Low,83,0.321144578313253,0.23762650602409638,0.73,0.35,0.02,0.01
Middle,88,0.39997727272727274,0.5423863636363636,0.8,0.83,0.06,0.25
High,63,0.42165079365079366,0.7725396825396825,0.99,0.93,0,0.47
